<?xml version="1.0" encoding="utf-8"?>
<extension type="component" version="2.5.0" method="upgrade">
 
        <name>BraziTrac</name>
        <!-- The following elements are optional and free of formatting constraints -->
        <creationDate>November 2012</creationDate>
        <author>Robert Skolnick</author>
        <authorEmail>Support@brazitech.com</authorEmail>
        <authorUrl>http://www.brazitech.com</authorUrl>
        <copyright>This component is released under the GNU/GPL License</copyright>
        <license>GNU/GPL</license>
        <!--  The version string is recorded in the components table -->
        <version>3.5.7</version>
        <!-- The description is optional and defaults to the name -->
        <description>Brazitrac Ticket System</description>
 
        <install> <!-- Runs on install -->
                <sql>
                        <file driver="mysql" charset="utf8">sql/install.mysql.utf8.sql</file>
                </sql>
        </install>
        <uninstall> <!-- Runs on uninstall -->
                <sql>
                        <file driver="mysql" charset="utf8">sql/uninstall.mysql.utf8.sql</file>
                </sql>
        </uninstall>
        <update> <!-- Runs on update; New in 2.5 -->
                <schemas>
                        <schemapath type="mysql">sql/updates/mysql</schemapath>
                </schemas>
        </update>
 
        <!-- Site Main File Copy Section -->
        <!-- Note the folder attribute: This attribute describes the folder
                to copy FROM in the package to install therefore files copied
                in this section are copied from /site/ in the package -->
        <files folder="site">
                <filename>index.html</filename>
                <filename>brazitrac.php</filename>
                <filename>controller.php</filename>
                <folder>views</folder>
                <folder>models</folder>
        </files>
 
        <administration>
                <!-- Administration Menu Section -->
                <menu>BraziTrac</menu>
                <!-- Administration Main File Copy Section -->
                <!-- Note the folder attribute: This attribute describes the folder
                        to copy FROM in the package to install therefore files copied
                        in this section are copied from /admin/ in the package -->
                <files folder="admin">
                        <!-- Admin Main File Copy Section -->
                        <filename>index.html</filename>
                        <filename>brazitrac.php</filename>
                        <filename>controller.php</filename>
                        <folder>tables</folder>
                        <folder>models</folder>
                        <!-- views files section -->
                        <folder>views</folder>
                        <!-- SQL files section -->
                        <folder>sql</folder>
                </files>
        </administration>
 
</extension>